{"cameraMode":{"drawMode":0,"name":"Shaded","section":"Shading Mode"},"sceneLighting":true,"audioPlay":false,"sceneViewState":{"showFog":true,"showMaterialUpdate":false,"showSkybox":true,"showFlares":true,"showImageEffects":true,"showParticleSystems":true},"in2DMode":false,"pivot":{"x":-26.661815643310548,"y":-6.864419460296631,"z":-14.021279335021973},"rotation":{"x":-0.06982892006635666,"y":0.85685795545578,"z":-0.12056179344654083,"w":-0.4964604079723358},"size":18.519447326660158,"orthographic":false}