{"cameraMode":{"drawMode":0,"name":"Shaded","section":"Shading Mode"},"sceneLighting":true,"audioPlay":false,"sceneViewState":{"showFog":true,"showMaterialUpdate":false,"showSkybox":true,"showFlares":true,"showImageEffects":true,"showParticleSystems":true},"in2DMode":false,"pivot":{"x":-13.775787353515625,"y":-10.015684127807618,"z":12.638229370117188},"rotation":{"x":0.019600892439484597,"y":0.9511755108833313,"z":-0.061690811067819598,"w":0.3019300699234009},"size":142.2969970703125,"orthographic":false}