{"cameraMode":{"drawMode":0,"name":"Shaded","section":"Shading Mode"},"sceneLighting":true,"audioPlay":false,"sceneViewState":{"showFog":true,"showMaterialUpdate":false,"showSkybox":true,"showFlares":true,"showImageEffects":true,"showParticleSystems":true},"in2DMode":false,"pivot":{"x":-6.026828765869141,"y":-1.5813298225402833,"z":-10.540623664855957},"rotation":{"x":-0.035893894731998447,"y":0.9452767968177795,"z":-0.11140185594558716,"w":-0.3045696020126343},"size":10.0,"orthographic":false}