{"cameraMode":{"drawMode":0,"name":"Shaded","section":"Shading Mode"},"sceneLighting":true,"audioPlay":false,"sceneViewState":{"showFog":true,"showMaterialUpdate":false,"showSkybox":true,"showFlares":true,"showImageEffects":true,"showParticleSystems":true},"in2DMode":false,"pivot":{"x":-4.617804527282715,"y":8.069890975952149,"z":-0.6052495241165161},"rotation":{"x":0.07250864803791046,"y":0.8112370371818543,"z":-0.10297563672065735,"w":0.5710676312446594},"size":3.655120849609375,"orthographic":false}