{"cameraMode":{"drawMode":0,"name":"Shaded","section":"Shading Mode"},"sceneLighting":true,"audioPlay":false,"sceneViewState":{"showFog":true,"showMaterialUpdate":false,"showSkybox":true,"showFlares":true,"showImageEffects":true,"showParticleSystems":true},"in2DMode":false,"pivot":{"x":15.415179252624512,"y":0.17619991302490235,"z":11.896224975585938},"rotation":{"x":-0.1858852207660675,"y":-0.09211622923612595,"z":0.017506355419754983,"w":-0.9780888557434082},"size":11.925186157226563,"orthographic":false}