{"cameraMode":{"drawMode":0,"name":"Shaded","section":"Shading Mode"},"sceneLighting":true,"audioPlay":false,"sceneViewState":{"showFog":true,"showMaterialUpdate":false,"showSkybox":true,"showFlares":true,"showImageEffects":true,"showParticleSystems":true},"in2DMode":false,"pivot":{"x":-24.798418045043947,"y":16.165010452270509,"z":23.45864486694336},"rotation":{"x":0.22726716101169587,"y":0.3217828869819641,"z":-0.07986132055521012,"w":0.9157045483589172},"size":18.519447326660158,"orthographic":false}