{"cameraMode":{"drawMode":0,"name":"Shaded","section":"Shading Mode"},"sceneLighting":true,"audioPlay":false,"sceneViewState":{"showFog":true,"showMaterialUpdate":false,"showSkybox":true,"showFlares":true,"showImageEffects":true,"showParticleSystems":true},"in2DMode":false,"pivot":{"x":-2.624709367752075,"y":-0.08638683706521988,"z":1.6492886543273926},"rotation":{"x":-0.10659866780042649,"y":0.8443867564201355,"z":-0.18289829790592194,"w":-0.4921342134475708},"size":5.707395553588867,"orthographic":false}